{
  "best_epoch": 1,
  "best_val_acc": 0.9831666666666666,
  "test_loss": 0.05764139604866505,
  "test_acc": 0.984
}